<?xml version="1.0" encoding="UTF-8"?><idempiere Name="2Pack_1.0.4" Version="1.0.4" idempiereVersion="" DataBaseVersion="" Description="" Author="" AuthorEmail="druiz@tbayen.de" CreatedDate="2019-05-31 20:14:47.957" UpdatedDate="2019-06-17 16:53:05.891" PackOutVersion="100" UpdateDictionary="false" Client="0-SYSTEM-System" AD_Client_UU="11237b53-9592-4af1-b3c5-afd216514b5d">
    <AD_Process type="table">
        <AD_Client_ID>0</AD_Client_ID>
        <AD_Org_ID>0</AD_Org_ID>
        <IsActive>Y</IsActive>
        <Name>Touren Map</Name>
        <Description/>
        <Help/>
        <ProcedureName/>
        <IsReport>N</IsReport>
        <Value>BayTourBoardMap</Value>
        <IsDirectPrint>N</IsDirectPrint>
        <AD_ReportView_ID reference="id"/>
        <Classname>de.bxservice.process.KanbanBayenTourBoardMap</Classname>
        <AccessLevel>3</AccessLevel>
        <EntityType>BAY</EntityType>
        <Statistic_Count>272</Statistic_Count>
        <Statistic_Seconds>467</Statistic_Seconds>
        <AD_PrintFormat_ID reference="id"/>
        <WorkflowValue/>
        <AD_Workflow_ID reference="id"/>
        <IsBetaFunctionality>N</IsBetaFunctionality>
        <IsServerProcess>N</IsServerProcess>
        <ShowHelp>N</ShowHelp>
        <JasperReport/>
        <AD_Form_ID reference="id"/>
        <CopyFromProcess>N</CopyFromProcess>
        <AD_Process_UU>20a552e8-c715-4263-8b8a-a89efd0073f0</AD_Process_UU>
        <AD_CtxHelp_ID reference="id"/>
        <ExecutionType/>
        <AllowMultipleExecution>P</AllowMultipleExecution>
        <AD_Process_Trl type="translation">
            <Help/>
            <Name>Touren Map</Name>
            <Description/>
            <AD_Language>de_DE</AD_Language>
            <IsActive>Y</IsActive>
            <IsTranslated>Y</IsTranslated>
        </AD_Process_Trl>
    </AD_Process>
    <BXS_Georeferencing type="table">
        <AD_Client_ID>0</AD_Client_ID>
        <AD_Org_ID>0</AD_Org_ID>
        <Description/>
        <IsActive>Y</IsActive>
        <BXS_Georeferencing_UU>d62fbf6b-a36a-4f64-9a83-2f5e27317bb4</BXS_Georeferencing_UU>
        <Name>Bayen Tour Map</Name>
        <BXS_Zoom>10</BXS_Zoom>
        <Latitude>51.3513</Latitude>
        <Longitude>6.5909</Longitude>
        <AD_Table_ID reference="id">259</AD_Table_ID>
        <FromClause>C_ORDER
JOIN c_bpartner_location bpl ON (C_ORDER.c_bpartner_location_id = bpl.c_bpartner_location_id)
JOIN C_LOCATION l ON (l.c_location_id = bpl.c_location_id)
JOIN bay_route r ON (r.bay_route_id = C_ORDER.bay_route_id)
JOIN ad_printcolor pc ON (pc.ad_printcolor_id = r.ad_printcolor_id)
</FromClause>
        <WhereClause/>
        <OtherClause/>
        <BXS_ColorSQL>pc.name</BXS_ColorSQL>
        <BXS_TitleSQL>C_ORDER.documentno</BXS_TitleSQL>
        <BXS_DescriptionSQL>C_ORDER.description</BXS_DescriptionSQL>
        <BXS_LongitudeSQL>l.longitude</BXS_LongitudeSQL>
        <BXS_LatitudeSQL>l.latitude</BXS_LatitudeSQL>
        <BXS_IsOrgIncluded>Y</BXS_IsOrgIncluded>
        <BXS_OrgColor_ID reference="id">102</BXS_OrgColor_ID>
    </BXS_Georeferencing>
</idempiere>
