<?xml version="1.0" encoding="UTF-8"?><idempiere Name="2Pack_1.0.4" Version="1.0.4" idempiereVersion="" DataBaseVersion="" Description="" Author="" AuthorEmail="druiz@tbayen.de" CreatedDate="2019-05-31 20:14:47.957" UpdatedDate="2019-06-17 16:53:05.891" PackOutVersion="100" UpdateDictionary="false" Client="0-SYSTEM-System" AD_Client_UU="11237b53-9592-4af1-b3c5-afd216514b5d">
    <AD_Process type="table">
        <AD_Client_ID>0</AD_Client_ID>
        <AD_Org_ID>0</AD_Org_ID>
        <IsActive>Y</IsActive>
        <Name>Touren Map</Name>
        <Description/>
        <Help/>
        <ProcedureName/>
        <IsReport>N</IsReport>
        <Value>BayTourBoardMap</Value>
        <IsDirectPrint>N</IsDirectPrint>
        <AD_ReportView_ID reference="id"/>
        <Classname>de.bxservice.process.KanbanBayenTourBoardMap</Classname>
        <AccessLevel>3</AccessLevel>
        <EntityType>BAY</EntityType>
        <Statistic_Count>272</Statistic_Count>
        <Statistic_Seconds>467</Statistic_Seconds>
        <AD_PrintFormat_ID reference="id"/>
        <WorkflowValue/>
        <AD_Workflow_ID reference="id"/>
        <IsBetaFunctionality>N</IsBetaFunctionality>
        <IsServerProcess>N</IsServerProcess>
        <ShowHelp>N</ShowHelp>
        <JasperReport/>
        <AD_Form_ID reference="id"/>
        <CopyFromProcess>N</CopyFromProcess>
        <AD_Process_UU>20a552e8-c715-4263-8b8a-a89efd0073f0</AD_Process_UU>
        <AD_CtxHelp_ID reference="id"/>
        <ExecutionType/>
        <AllowMultipleExecution>P</AllowMultipleExecution>
        <AD_Process_Trl type="translation">
            <Help/>
            <Name>Touren Map</Name>
            <Description/>
            <AD_Language>de_DE</AD_Language>
            <IsActive>Y</IsActive>
            <IsTranslated>Y</IsTranslated>
        </AD_Process_Trl>
    </AD_Process>
</idempiere>
