<?xml version="1.0" encoding="UTF-8"?><?xml-stylesheet type="text/css" href="idempiereDocument.css"?><idempiereDocument>
    <header>RoutePlanner Package Description</header>
    <H1>Package Name:</H1>
    <packagename>RoutePlanner</packagename>
    <H1>Author:</H1>
    <Name:/>
    <H1>Email Address:</H1>
    <Email>druiz@bayen.de</Email>
    <H1>Created:</H1>
    <Date>2017-11-17 14:36:41.696</Date>
    <H1>Updated:</H1>
    <Date>2017-11-17 15:03:02.78</Date>
    <H1>Description:</H1>
    <description/>
    <H1>Instructions:</H1>
    <instructions/>
    <H1>Files in Package:</H1>
    <file>File: PackOut.xml</file>
    <filedirectory>Directory: \dict\</filedirectory>
    <filenotes>Notes: Contains all application/object settings for package</filenotes>
    <H1>Client:</H1>
    <Client>0-SYSTEM-System</Client>
</idempiereDocument>
