<?xml version="1.0" encoding="UTF-8"?><idempiere Name="routeplanner" Version="1.2.2" idempiereVersion="" DataBaseVersion="" Description="" Author="" AuthorEmail="" CreatedDate="2021-07-19 18:05:53.048" UpdatedDate="2021-07-19 18:05:53.048" PackOutVersion="100" UpdateDictionary="false" Client="0-SYSTEM-System" AD_Client_UU="11237b53-9592-4af1-b3c5-afd216514b5d">
    <AD_Process_Para type="table">
        <AD_Client_ID>0</AD_Client_ID>
        <AD_Org_ID>0</AD_Org_ID>
        <AD_Org_ID reference="id">0</AD_Org_ID>
        <IsActive>Y</IsActive>
        <Name>Date</Name>
        <Description/>
        <Help/>
        <AD_Process_ID reference="uuid" reference-key="AD_Process">990736f6-e51d-4718-9915-e7ecad3e75ee</AD_Process_ID>
        <SeqNo>10</SeqNo>
        <AD_Reference_ID reference="id">15</AD_Reference_ID>
        <AD_Reference_Value_ID reference="id"/>
        <IsRange>N</IsRange>
        <AD_Val_Rule_ID reference="id"/>
        <FieldLength>7</FieldLength>
        <IsMandatory>N</IsMandatory>
        <DefaultValue/>
        <VFormat/>
        <ValueMin/>
        <ValueMax/>
        <ColumnName>BAY_RouteDate</ColumnName>
        <DefaultValue2/>
        <IsCentrallyMaintained>Y</IsCentrallyMaintained>
        <EntityType>BAY</EntityType>
        <AD_Element_ID reference="uuid" reference-key="AD_Element">4a5f15b9-4fae-467c-b9fe-0c474359cc52</AD_Element_ID>
        <ReadOnlyLogic/>
        <DisplayLogic/>
        <AD_Process_Para_UU>2cdcdc35-4f2f-4f20-b442-8d8e1cfc1891</AD_Process_Para_UU>
        <IsEncrypted>N</IsEncrypted>
        <MandatoryLogic/>
        <Placeholder/>
        <Placeholder2/>
        <IsAutocomplete>N</IsAutocomplete>
        <AD_Process_Para_Trl type="translation">
            <Description/>
            <Help/>
            <Name>Date</Name>
            <Placeholder/>
            <Placeholder2/>
            <AD_Language>de_DE</AD_Language>
            <IsActive>Y</IsActive>
            <IsTranslated>N</IsTranslated>
        </AD_Process_Para_Trl>
    </AD_Process_Para>
</idempiere>
