<?xml version="1.0" encoding="UTF-8"?><idempiere Name="Kanban" Version="1.0.0" idempiereVersion="" DataBaseVersion="" Description="" Author="" AuthorEmail="" CreatedDate="2019-04-18 17:28:10.612" UpdatedDate="2019-04-18 17:28:10.612" PackOutVersion="100" UpdateDictionary="false" Client="1000000-Bayen-Bayen" AD_Client_UU="d8933407-4a3a-4c1a-bd58-0f2ebdcbf436">
    <KDB_KanbanBoard type="table">
        <AD_Org_ID>0</AD_Org_ID>
        <Description/>
        <Help/>
        <IsActive>N</IsActive>
        <KDB_KanbanBoard_UU>eb5a40c0-c3c0-4388-aece-55046a2fe6f8</KDB_KanbanBoard_UU>
        <Name>Tourenplan morgen</Name>
        <AD_Table_ID reference="id">259</AD_Table_ID>
        <KDB_PrioritySQL>on_route(DateOrdered, C_Order_ID)</KDB_PrioritySQL>
        <WhereClause>IsSoTrx='Y' AND IsPrinted='N' AND DocStatus IN ('IP') AND DateOrdered = next_working_day('@#Date@')</WhereClause>
        <KDB_ColumnList_ID reference="id"/>
        <CreateStatuses>N</CreateStatuses>
        <KDB_ColumnTable_ID reference="uuid" reference-key="AD_Column">aa1f78f1-c461-4c4c-9bf1-58a78e2cbeb4</KDB_ColumnTable_ID>
        <KDB_BackgroundColor_ID reference="id"/>
        <KDB_KanbanCard>@C_BPartner.Name@, @C_BPartner.Name2@ &lt;br&gt; @C_BPartner_Location.C_Location.address1@, @C_BPartner_Location.C_Location.city@ &lt;br&gt; @Weight&lt;####&gt;@ Kg</KDB_KanbanCard>
        <OrderByClause/>
        <KDB_SummarySQL>SELECT COALESCE(ROUND(SUM(CASE WHEN l.qtyentered &gt; 0 THEN p.weight*l.qtyentered ELSE 0 END),0), '0'), COALESCE(regexp_replace(s.description,'.*Nutzl\.? +(\d+,?\d*t)(.*)', '\1'), '-'), COALESCE(ROUND(SUM(CASE WHEN u.x12de355='Faß' THEN l.QtyEntered ELSE 0 END),0), '0'), COALESCE(ROUND(SUM(CASE WHEN u.x12de355='Ka' THEN l.QtyEntered ELSE 0 END),0),'0') FROM C_Order JOIN C_OrderLine l ON (C_Order.C_Order_ID=l.C_Order_ID) JOIN M_Product p ON l.M_Product_ID = p.M_Product_ID JOIN M_Product_Category pc ON pc.M_Product_Category_ID = p.M_Product_Category_ID JOIN C_UOM u ON (u.C_UOM_ID = l.C_UOM_ID) left join bay_delivery d on d.bay_route_id = C_Order.bay_route_id AND d.bay_routedate = C_Order.DateOrdered left join s_resource s on s.s_resource_id = d.bay_truck_id WHERE C_Order.BAY_Route_ID = @KanbanStatus@  GROUP BY s.description</KDB_SummarySQL>
        <KDB_StdColumnWidth>130</KDB_StdColumnWidth>
        <KDB_StdCardHeight>0</KDB_StdCardHeight>
        <IsHtml>Y</IsHtml>
        <KDB_SummaryMsg>{0}kg/{1} - {2}F/{3}K</KDB_SummaryMsg>
        <KDB_KanbanBoard_Trl type="translation">
            <Description/>
            <Name>Tourenplan morgen</Name>
            <KDB_KanbanCard>@C_BPartner.Name@, @C_BPartner.Name2@ &lt;br&gt; @C_BPartner_Location.C_Location.address1@, @C_BPartner_Location.C_Location.city@ &lt;br&gt; @Weight&lt;####&gt;@ Kg</KDB_KanbanCard>
            <KDB_SummaryMsg>{0}kg/{1} - {2}F/{3}K</KDB_SummaryMsg>
            <AD_Language>de_DE</AD_Language>
            <IsActive>Y</IsActive>
            <IsTranslated>Y</IsTranslated>
        </KDB_KanbanBoard_Trl>
    </KDB_KanbanBoard>
    <KDB_KanbanBoard type="table">
        <AD_Org_ID>0</AD_Org_ID>
        <Description/>
        <Help>OLD Where -&gt;  AND DateOrdered = to_date('@#Date@', 'yyyy-mm-dd')</Help>
        <IsActive>Y</IsActive>
        <KDB_KanbanBoard_UU>da6c9ac6-50d4-4831-a450-c02f45009dc0</KDB_KanbanBoard_UU>
        <Name>Tourenplan</Name>
        <AD_Table_ID reference="id">259</AD_Table_ID>
        <KDB_PrioritySQL>on_route(DateOrdered, C_Order_ID)</KDB_PrioritySQL>
        <WhereClause>IsSoTrx='Y' AND IsPrinted='N' AND DocStatus IN ('IP')</WhereClause>
        <KDB_ColumnList_ID reference="id"/>
        <CreateStatuses>N</CreateStatuses>
        <KDB_ColumnTable_ID reference="uuid" reference-key="AD_Column">aa1f78f1-c461-4c4c-9bf1-58a78e2cbeb4</KDB_ColumnTable_ID>
        <KDB_BackgroundColor_ID reference="id"/>
        <KDB_KanbanCard>@C_BPartner.Name@, @C_BPartner.Name2@ &lt;br&gt; @C_BPartner_Location.C_Location.address1@, @C_BPartner_Location.C_Location.city@ &lt;br&gt; @Weight&lt;####&gt;@ Kg</KDB_KanbanCard>
        <OrderByClause/>
        <KDB_SummarySQL>SELECT COALESCE(ROUND(SUM(CASE WHEN l.qtyentered &gt; 0 THEN p.weight*l.qtyentered ELSE 0 END),0), '0'), COALESCE(regexp_replace(s.description,'.*Nutzl\.? +(\d+,?\d*t)(.*)', '\1'), '-'), COALESCE(ROUND(SUM(CASE WHEN u.x12de355='Faß' THEN l.QtyEntered ELSE 0 END),0), '0'), COALESCE(ROUND(SUM(CASE WHEN u.x12de355='Ka' THEN l.QtyEntered ELSE 0 END),0),'0') FROM C_Order JOIN C_OrderLine l ON (C_Order.C_Order_ID=l.C_Order_ID) JOIN M_Product p ON l.M_Product_ID = p.M_Product_ID JOIN M_Product_Category pc ON pc.M_Product_Category_ID = p.M_Product_Category_ID JOIN C_UOM u ON (u.C_UOM_ID = l.C_UOM_ID) left join bay_delivery d on d.bay_route_id = C_Order.bay_route_id AND d.bay_routedate = C_Order.DateOrdered left join s_resource s on s.s_resource_id = d.bay_truck_id WHERE C_Order.BAY_Route_ID = @KanbanStatus@  GROUP BY s.description</KDB_SummarySQL>
        <KDB_StdColumnWidth>130</KDB_StdColumnWidth>
        <KDB_StdCardHeight>0</KDB_StdCardHeight>
        <IsHtml>Y</IsHtml>
        <KDB_SummaryMsg>{0}kg/{1} - {2}F/{3}K</KDB_SummaryMsg>
        <KDB_KanbanBoard_Trl type="translation">
            <Description/>
            <Name>Tourenplan</Name>
            <KDB_KanbanCard>@C_BPartner.Name@, @C_BPartner.Name2@ &lt;br&gt; @C_BPartner_Location.C_Location.address1@, @C_BPartner_Location.C_Location.city@ &lt;br&gt; @Weight&lt;####&gt;@ Kg</KDB_KanbanCard>
            <KDB_SummaryMsg>{0}kg/{1} - {2}F/{3}K</KDB_SummaryMsg>
            <AD_Language>de_DE</AD_Language>
            <IsActive>Y</IsActive>
            <IsTranslated>Y</IsTranslated>
        </KDB_KanbanBoard_Trl>
    </KDB_KanbanBoard>
    <KDB_KanbanProcess type="table">
        <AD_Org_ID>0</AD_Org_ID>
        <Description/>
        <IsActive>Y</IsActive>
        <KDB_KanbanProcess_UU>9bef2922-ce9c-4f60-b761-6e429ccab1c0</KDB_KanbanProcess_UU>
        <Name>Tourkarte</Name>
        <KDB_KanbanBoard_ID reference="uuid" reference-key="KDB_KanbanBoard">da6c9ac6-50d4-4831-a450-c02f45009dc0</KDB_KanbanBoard_ID>
        <AD_Process_ID reference="uuid" reference-key="AD_Process">bd810e3c-cae5-460c-b202-f0cab2471b43</AD_Process_ID>
        <KDB_ProcessScope>S</KDB_ProcessScope>
    </KDB_KanbanProcess>
    <KDB_Parameter type="table">
        <AD_Org_ID>0</AD_Org_ID>
        <KDB_KanbanBoard_ID reference="uuid" reference-key="KDB_KanbanBoard">da6c9ac6-50d4-4831-a450-c02f45009dc0</KDB_KanbanBoard_ID>
        <KDB_Parameter_UU>640909b6-8e52-41eb-b4b3-42dcea4d9e9f</KDB_Parameter_UU>
        <KDB_ColumnTable_ID reference="id">2181</KDB_ColumnTable_ID>
        <DefaultValue>@#Date@</DefaultValue>
        <DefaultValue2/>
        <Description/>
        <IsActive>Y</IsActive>
        <IsRange>N</IsRange>
        <Name>Date</Name>
        <SeqNo>10</SeqNo>
        <QueryOperator>=</QueryOperator>
    </KDB_Parameter>
</idempiere>
