<?xml version="1.0" encoding="UTF-8"?><idempiere Name="Kanban2" Version="1.0.0" idempiereVersion="" DataBaseVersion="" Description="" Author="" AuthorEmail="" CreatedDate="2019-05-31 20:17:57.633" UpdatedDate="2019-05-31 20:17:57.633" PackOutVersion="100" UpdateDictionary="false" Client="1000000-Bayen-Bayen" AD_Client_UU="d8933407-4a3a-4c1a-bd58-0f2ebdcbf436">
    <KDB_KanbanProcess type="table">
        <AD_Org_ID>0</AD_Org_ID>
        <Description/>
        <IsActive>Y</IsActive>
        <KDB_KanbanProcess_UU>c9b4747a-e849-46d9-b2f3-1b28d9e42503</KDB_KanbanProcess_UU>
        <Name>Touren Map</Name>
        <KDB_KanbanBoard_ID reference="uuid" reference-key="KDB_KanbanBoard">da6c9ac6-50d4-4831-a450-c02f45009dc0</KDB_KanbanBoard_ID>
        <AD_Process_ID reference="uuid" reference-key="AD_Process">20a552e8-c715-4263-8b8a-a89efd0073f0</AD_Process_ID>
        <KDB_ProcessScope>B</KDB_ProcessScope>
    </KDB_KanbanProcess>
</idempiere>
