<?xml version="1.0" encoding="UTF-8"?><idempiere Name="de.bxservice.routeplanner" Version="1.0.2" idempiereVersion="" DataBaseVersion="" Description="" Author="" AuthorEmail="druiz@bayen.de" CreatedDate="2018-01-11 13:29:43.013" UpdatedDate="2018-01-11 13:29:43.013" PackOutVersion="100" UpdateDictionary="false" Client="0-SYSTEM-System" AD_Client_UU="11237b53-9592-4af1-b3c5-afd216514b5d">
    <AD_Menu type="table">
        <Parent_ID reference="uuid" reference-key="AD_Menu">cd262720-1705-4a43-b695-e94d494b609f</Parent_ID>
        <SeqNo>0</SeqNo>
        <AD_Client_ID>0</AD_Client_ID>
        <AD_Org_ID>0</AD_Org_ID>
        <Name>Route Planner</Name>
        <Description/>
        <Action/>
        <AD_Window_ID reference="id"/>
        <AD_Workflow_ID reference="id"/>
        <AD_Task_ID reference="id"/>
        <IsActive>Y</IsActive>
        <IsSummary>Y</IsSummary>
        <AD_Process_ID reference="id"/>
        <IsSOTrx>Y</IsSOTrx>
        <AD_Form_ID reference="id"/>
        <IsReadOnly>N</IsReadOnly>
        <EntityType>BAY</EntityType>
        <IsCentrallyMaintained>N</IsCentrallyMaintained>
        <AD_Menu_UU>1265bce5-665d-4580-8e43-afbd1cdcfe40</AD_Menu_UU>
        <AD_InfoWindow_ID reference="id"/>
        <AD_Menu_Trl type="translation">
            <Name>Tourplaner</Name>
            <Description/>
            <AD_Language>de_DE</AD_Language>
            <IsActive>Y</IsActive>
            <IsTranslated>Y</IsTranslated>
        </AD_Menu_Trl>
        <AD_Menu type="table">
            <Parent_ID reference="uuid" reference-key="AD_Menu">1265bce5-665d-4580-8e43-afbd1cdcfe40</Parent_ID>
            <SeqNo>1</SeqNo>
            <AD_Client_ID>0</AD_Client_ID>
            <AD_Org_ID>0</AD_Org_ID>
            <Name>Copy Delivery</Name>
            <Description/>
            <Action>P</Action>
            <AD_Window_ID reference="id"/>
            <AD_Workflow_ID reference="id"/>
            <AD_Task_ID reference="id"/>
            <IsActive>Y</IsActive>
            <IsSummary>N</IsSummary>
            <AD_Process_ID reference="uuid" reference-key="AD_Process">990736f6-e51d-4718-9915-e7ecad3e75ee</AD_Process_ID>
            <IsSOTrx>Y</IsSOTrx>
            <AD_Form_ID reference="id"/>
            <IsReadOnly>N</IsReadOnly>
            <EntityType>BAY</EntityType>
            <IsCentrallyMaintained>Y</IsCentrallyMaintained>
            <AD_Menu_UU>debfb1e2-4e1c-4116-968d-90e92ccd184c</AD_Menu_UU>
            <AD_InfoWindow_ID reference="id"/>
        </AD_Menu>
        <AD_Menu type="table">
            <Parent_ID reference="uuid" reference-key="AD_Menu">1265bce5-665d-4580-8e43-afbd1cdcfe40</Parent_ID>
            <SeqNo>2</SeqNo>
            <AD_Client_ID>0</AD_Client_ID>
            <AD_Org_ID>0</AD_Org_ID>
            <Name>Assign drivers</Name>
            <Description/>
            <Action>X</Action>
            <AD_Window_ID reference="id"/>
            <AD_Workflow_ID reference="id"/>
            <AD_Task_ID reference="id"/>
            <IsActive>Y</IsActive>
            <IsSummary>N</IsSummary>
            <AD_Process_ID reference="id"/>
            <IsSOTrx>N</IsSOTrx>
            <AD_Form_ID reference="uuid" reference-key="AD_Form">2165526c-a7e6-465c-88dc-279c9c894435</AD_Form_ID>
            <IsReadOnly>N</IsReadOnly>
            <EntityType>BAY</EntityType>
            <IsCentrallyMaintained>Y</IsCentrallyMaintained>
            <AD_Menu_UU>3f548a80-ac3e-490a-a3eb-92bed9771005</AD_Menu_UU>
            <AD_InfoWindow_ID reference="id"/>
        </AD_Menu>
        <AD_Menu type="table">
            <Parent_ID reference="uuid" reference-key="AD_Menu">1265bce5-665d-4580-8e43-afbd1cdcfe40</Parent_ID>
            <SeqNo>3</SeqNo>
            <AD_Client_ID>0</AD_Client_ID>
            <AD_Org_ID>0</AD_Org_ID>
            <Name>Delivery</Name>
            <Description>Delivery of route planner</Description>
            <Action>W</Action>
            <AD_Window_ID reference="uuid" reference-key="AD_Window">5f294bc7-ca5a-49e0-a290-25723c9be3d6</AD_Window_ID>
            <AD_Workflow_ID reference="id"/>
            <AD_Task_ID reference="id"/>
            <IsActive>Y</IsActive>
            <IsSummary>N</IsSummary>
            <AD_Process_ID reference="id"/>
            <IsSOTrx>Y</IsSOTrx>
            <AD_Form_ID reference="id"/>
            <IsReadOnly>N</IsReadOnly>
            <EntityType>BAY</EntityType>
            <IsCentrallyMaintained>Y</IsCentrallyMaintained>
            <AD_Menu_UU>aaaeb9af-00a3-4e81-b58e-1b5d206378e2</AD_Menu_UU>
            <AD_InfoWindow_ID reference="id"/>
        </AD_Menu>
        <AD_Menu type="table">
            <Parent_ID reference="uuid" reference-key="AD_Menu">1265bce5-665d-4580-8e43-afbd1cdcfe40</Parent_ID>
            <SeqNo>4</SeqNo>
            <AD_Client_ID>0</AD_Client_ID>
            <AD_Org_ID>0</AD_Org_ID>
            <Name>Route</Name>
            <Description>Delivery Route</Description>
            <Action>W</Action>
            <AD_Window_ID reference="uuid" reference-key="AD_Window">91f469cc-a628-471f-a7b2-09b19e74fb4f</AD_Window_ID>
            <AD_Workflow_ID reference="id"/>
            <AD_Task_ID reference="id"/>
            <IsActive>Y</IsActive>
            <IsSummary>N</IsSummary>
            <AD_Process_ID reference="id"/>
            <IsSOTrx>Y</IsSOTrx>
            <AD_Form_ID reference="id"/>
            <IsReadOnly>N</IsReadOnly>
            <EntityType>BAY</EntityType>
            <IsCentrallyMaintained>Y</IsCentrallyMaintained>
            <AD_Menu_UU>1cf0727c-1836-4e87-94dd-c01d51b834b6</AD_Menu_UU>
            <AD_InfoWindow_ID reference="id"/>
        </AD_Menu>
        <AD_Menu type="table">
            <Parent_ID reference="uuid" reference-key="AD_Menu">1265bce5-665d-4580-8e43-afbd1cdcfe40</Parent_ID>
            <SeqNo>0</SeqNo>
            <AD_Client_ID>0</AD_Client_ID>
            <AD_Org_ID>0</AD_Org_ID>
            <Name>Mitarbeiter-Einsatzplan</Name>
            <Description/>
            <Action>R</Action>
            <AD_Window_ID reference="id"/>
            <AD_Workflow_ID reference="id"/>
            <AD_Task_ID reference="id"/>
            <IsActive>Y</IsActive>
            <IsSummary>N</IsSummary>
            <AD_Process_ID reference="uuid" reference-key="AD_Process">9ffcb3ee-27fb-4bcc-8bef-677de7c912b7</AD_Process_ID>
            <IsSOTrx>Y</IsSOTrx>
            <AD_Form_ID reference="id"/>
            <IsReadOnly>N</IsReadOnly>
            <EntityType>BAY</EntityType>
            <IsCentrallyMaintained>Y</IsCentrallyMaintained>
            <AD_Menu_UU>ee8a8a57-2622-40ba-9d2d-55b46973f364</AD_Menu_UU>
            <AD_InfoWindow_ID reference="id"/>
            <AD_Process type="table">
                <AD_Client_ID>0</AD_Client_ID>
                <AD_Org_ID>0</AD_Org_ID>
                <IsActive>Y</IsActive>
                <Name>Mitarbeiter-Einsatzplan</Name>
                <Description/>
                <Help/>
                <ProcedureName/>
                <IsReport>Y</IsReport>
                <Value>Mitarbeiter-Einsatzplan</Value>
                <IsDirectPrint>N</IsDirectPrint>
                <AD_ReportView_ID reference="id"/>
                <Classname/>
                <AccessLevel>3</AccessLevel>
                <EntityType>BAY</EntityType>
                <Statistic_Count>0</Statistic_Count>
                <Statistic_Seconds>0</Statistic_Seconds>
                <AD_PrintFormat_ID reference="id"/>
                <WorkflowValue/>
                <AD_Workflow_ID reference="id"/>
                <IsBetaFunctionality>N</IsBetaFunctionality>
                <IsServerProcess>N</IsServerProcess>
                <ShowHelp>Y</ShowHelp>
                <JasperReport>file:Mitarbeiter_Einsatzplan.jrxml</JasperReport>
                <AD_Form_ID reference="id"/>
                <CopyFromProcess>N</CopyFromProcess>
                <AD_Process_UU>9ffcb3ee-27fb-4bcc-8bef-677de7c912b7</AD_Process_UU>
                <AD_CtxHelp_ID reference="id"/>
                <AD_Process_Trl type="translation">
                    <Help/>
                    <Name>Mitarbeiter-Einsatzplan.jrxml</Name>
                    <Description/>
                    <AD_Language>de_DE</AD_Language>
                    <IsActive>Y</IsActive>
                    <IsTranslated>N</IsTranslated>
                </AD_Process_Trl>
                <AD_Process_Para type="table">
                    <AD_Client_ID>0</AD_Client_ID>
                    <AD_Org_ID>0</AD_Org_ID>
                    <IsActive>Y</IsActive>
                    <Name>Date Ordered</Name>
                    <Description>Date of Order</Description>
                    <Help>Indicates the Date an item was ordered.</Help>
                    <AD_Process_ID reference="uuid" reference-key="AD_Process">9ffcb3ee-27fb-4bcc-8bef-677de7c912b7</AD_Process_ID>
                    <SeqNo>10</SeqNo>
                    <AD_Reference_ID reference="id">15</AD_Reference_ID>
                    <AD_Reference_Value_ID reference="id"/>
                    <IsRange>N</IsRange>
                    <AD_Val_Rule_ID reference="id"/>
                    <FieldLength>0</FieldLength>
                    <IsMandatory>N</IsMandatory>
                    <DefaultValue>@#Date@</DefaultValue>
                    <VFormat/>
                    <ValueMin/>
                    <ValueMax/>
                    <ColumnName>DateOrdered</ColumnName>
                    <DefaultValue2/>
                    <IsCentrallyMaintained>Y</IsCentrallyMaintained>
                    <EntityType>BAY</EntityType>
                    <AD_Element_ID reference="id">268</AD_Element_ID>
                    <ReadOnlyLogic/>
                    <DisplayLogic/>
                    <AD_Process_Para_UU>8d4a7e23-21bd-4cea-85cd-94d7375bcda1</AD_Process_Para_UU>
                    <IsEncrypted>N</IsEncrypted>
                    <MandatoryLogic/>
                    <AD_Process_Para_Trl type="translation">
                        <Help>Kennzeichnet das Datum an dem Ware bestellt wurde.</Help>
                        <Name>Auftragsdatum</Name>
                        <Description>Datum des Auftrags</Description>
                        <AD_Language>de_DE</AD_Language>
                        <IsActive>Y</IsActive>
                        <IsTranslated>Y</IsTranslated>
                    </AD_Process_Para_Trl>
                </AD_Process_Para>
            </AD_Process>
        </AD_Menu>
    </AD_Menu>
</idempiere>
