<?xml version="1.0" encoding="UTF-8"?><idempiere Name="Route planner data" Version="1.0.0" idempiereVersion="" DataBaseVersion="" Description="" Author="" AuthorEmail="druiz@bayen.de" CreatedDate="2017-11-17 15:21:58.321" UpdatedDate="2017-11-17 15:21:58.321" PackOutVersion="100" UpdateDictionary="false" Client="1000000-Bayen-Bayen" AD_Client_UU="d8933407-4a3a-4c1a-bd58-0f2ebdcbf436">
    <AD_Scheduler type="table">
        <AD_Org_ID>0</AD_Org_ID>
        <Supervisor_ID reference="uuid" reference-key="AD_User">4411381f-6a5f-41ec-92e8-485dcc167dac</Supervisor_ID>
        <IsActive>Y</IsActive>
        <Processing>N</Processing>
        <AD_Process_ID reference="uuid" reference-key="AD_Process">990736f6-e51d-4718-9915-e7ecad3e75ee</AD_Process_ID>
        <DateNextRun>2017-11-20 06:00:00.0</DateNextRun>
        <Description/>
        <Name>Copy Delivery</Name>
        <KeepLogDays>30</KeepLogDays>
        <DateLastRun>2017-11-17 14:54:09.23</DateLastRun>
        <AD_Table_ID reference="id"/>
        <Record_ID reference="id"/>
        <AD_Scheduler_UU>ac29a281-6e10-4b26-b750-fb285b98dbef</AD_Scheduler_UU>
        <AD_Schedule_ID reference="uuid" reference-key="AD_Schedule">b680b1f6-4c13-4185-83ed-2c17a923c426</AD_Schedule_ID>
        <R_MailText_ID reference="id"/>
    </AD_Scheduler>
    <KDB_KanbanBoard type="table">
        <AD_Org_ID>0</AD_Org_ID>
        <Description/>
        <Help/>
        <IsActive>Y</IsActive>
        <KDB_KanbanBoard_UU>a35823bd-602a-4170-a02c-4e981bcb8bbc</KDB_KanbanBoard_UU>
        <Name>Tomorrow Route Planner</Name>
        <AD_Table_ID reference="id">259</AD_Table_ID>
        <KDB_PrioritySQL>(SELECT NVL(SUM(p.Weight),0) FROM M_Product p, C_OrderLine l WHERE p.M_Product_ID = l.M_Product_ID AND C_Order.C_Order_ID = l.C_Order_ID AND l.IsActive = 'Y')</KDB_PrioritySQL>
        <WhereClause>IsSoTrx='Y' AND IsPrinted='N' AND DocStatus NOT IN ('CO','CL','VO') AND DatePromised =  next_working_day('@#Date@')</WhereClause>
        <KDB_ColumnList_ID reference="id"/>
        <CreateStatuses>N</CreateStatuses>
        <KDB_ColumnTable_ID reference="uuid" reference-key="AD_Column">aa1f78f1-c461-4c4c-9bf1-58a78e2cbeb4</KDB_ColumnTable_ID>
        <KDB_BackgroundColor_ID reference="id"/>
        <KDB_KanbanCard>@C_BPartner.Name@ @totallines@</KDB_KanbanCard>
        <OrderByClause/>
        <KDB_SummarySQL>@SQL=SELECT SUM(p.weight) || ' Vlm' AS TotalWeight, SUM(CASE WHEN u.x12de355='Faß' THEN l.QtyEntered ELSE 0 END) || ' Barrels' AS TotalBarrels, SUM(CASE WHEN u.x12de355='Ka' THEN l.QtyEntered ELSE 0 END) || ' Cases' AS TotalCases FROM  C_Order JOIN C_OrderLine l ON (C_Order.C_Order_ID=l.C_Order_ID) JOIN M_Product p ON l.M_Product_ID = p.M_Product_ID JOIN M_Product_Category pc ON pc.M_Product_Category_ID = p.M_Product_Category_ID JOIN C_UOM u ON (u.C_UOM_ID = l.C_UOM_ID) WHERE C_Order.BAY_Route_ID = @KanbanStatus@ AND IsPrinted='N' AND IsSoTrx='Y' AND IsPrinted='N' AND DocStatus NOT IN ('CO','CL','VO') AND C_Order.DatePromised =  next_working_day('@#Date@')</KDB_SummarySQL>
        <KDB_StdColumnWidth/>
        <KDB_StdCardHeight/>
        <IsHtml>N</IsHtml>
        <KDB_SummaryMsg/>
        <KDB_KanbanBoard_Trl type="translation">
            <Description/>
            <Name>Tomorrow Route Planner</Name>
            <KDB_KanbanCard>@C_BPartner.Name@ @totallines@</KDB_KanbanCard>
            <KDB_SummaryMsg/>
            <AD_Language>de_DE</AD_Language>
            <IsActive>Y</IsActive>
            <IsTranslated>N</IsTranslated>
        </KDB_KanbanBoard_Trl>
        <KDB_KanbanStatus type="table">
            <AD_Org_ID>0</AD_Org_ID>
            <Description/>
            <Help/>
            <IsActive>Y</IsActive>
            <KDB_KanbanStatus_UU>88b05d5f-4863-4d6f-bc62-2db0115f8ef6</KDB_KanbanStatus_UU>
            <Name>Route 2</Name>
            <SeqNo>10</SeqNo>
            <StatusAlias/>
            <SQLStatement/>
            <MaxNumberCards/>
            <IsShowOver>N</IsShowOver>
            <KDB_StatusTableID>1000001</KDB_StatusTableID>
            <KDB_StatusListValue/>
            <KDB_KanbanBoard_ID reference="uuid" reference-key="KDB_KanbanBoard">a35823bd-602a-4170-a02c-4e981bcb8bbc</KDB_KanbanBoard_ID>
        </KDB_KanbanStatus>
        <KDB_KanbanStatus type="table">
            <AD_Org_ID>0</AD_Org_ID>
            <Description/>
            <Help/>
            <IsActive>Y</IsActive>
            <KDB_KanbanStatus_UU>61ccc7ad-36f9-436f-8a38-74f04f656189</KDB_KanbanStatus_UU>
            <Name>Route 3</Name>
            <SeqNo>20</SeqNo>
            <StatusAlias/>
            <SQLStatement/>
            <MaxNumberCards/>
            <IsShowOver>N</IsShowOver>
            <KDB_StatusTableID>1000002</KDB_StatusTableID>
            <KDB_StatusListValue/>
            <KDB_KanbanBoard_ID reference="uuid" reference-key="KDB_KanbanBoard">a35823bd-602a-4170-a02c-4e981bcb8bbc</KDB_KanbanBoard_ID>
        </KDB_KanbanStatus>
        <KDB_KanbanStatus type="table">
            <AD_Org_ID>0</AD_Org_ID>
            <Description/>
            <Help/>
            <IsActive>Y</IsActive>
            <KDB_KanbanStatus_UU>01ee18f4-2a12-4e84-8a1e-ef33569eb1f3</KDB_KanbanStatus_UU>
            <Name>Route 1</Name>
            <SeqNo>30</SeqNo>
            <StatusAlias/>
            <SQLStatement/>
            <MaxNumberCards/>
            <IsShowOver>N</IsShowOver>
            <KDB_StatusTableID>1000000</KDB_StatusTableID>
            <KDB_StatusListValue/>
            <KDB_KanbanBoard_ID reference="uuid" reference-key="KDB_KanbanBoard">a35823bd-602a-4170-a02c-4e981bcb8bbc</KDB_KanbanBoard_ID>
        </KDB_KanbanStatus>
        <KDB_KanbanControlAccess type="table">
            <AD_Org_ID>0</AD_Org_ID>
            <AD_Role_ID reference="uuid" reference-key="AD_Role">1410cf6f-b125-43cc-b2ce-6c3f01fe2da4</AD_Role_ID>
            <KDB_KanbanControlAccess_UU>40f5f1af-0dc5-487a-b7db-4edac3a7965b</KDB_KanbanControlAccess_UU>
            <IsActive>Y</IsActive>
            <IsReadWrite>Y</IsReadWrite>
            <KDB_KanbanBoard_ID reference="uuid" reference-key="KDB_KanbanBoard">a35823bd-602a-4170-a02c-4e981bcb8bbc</KDB_KanbanBoard_ID>
        </KDB_KanbanControlAccess>
        <KDB_KanbanBoard_Trl type="table">
            <AD_Org_ID>0</AD_Org_ID>
            <Description/>
            <IsActive>Y</IsActive>
            <KDB_KanbanBoard_Trl_UU>fc283b27-de33-4a20-bef4-f2aafd342b6c</KDB_KanbanBoard_Trl_UU>
            <Name>Tomorrow Route Planner</Name>
            <KDB_KanbanBoard_ID reference="uuid" reference-key="KDB_KanbanBoard">a35823bd-602a-4170-a02c-4e981bcb8bbc</KDB_KanbanBoard_ID>
            <AD_Language>de_DE</AD_Language>
            <IsTranslated>N</IsTranslated>
            <KDB_KanbanCard>@C_BPartner.Name@ @totallines@</KDB_KanbanCard>
            <KDB_SummaryMsg/>
        </KDB_KanbanBoard_Trl>
    </KDB_KanbanBoard>
    <KDB_KanbanBoard type="table">
        <AD_Org_ID>0</AD_Org_ID>
        <Description/>
        <Help/>
        <IsActive>Y</IsActive>
        <KDB_KanbanBoard_UU>0dadd070-55ae-4c8e-95bb-b9416ef3c66a</KDB_KanbanBoard_UU>
        <Name>Today Route Planner 1</Name>
        <AD_Table_ID reference="id">259</AD_Table_ID>
        <KDB_PrioritySQL>on_route1(DatePromised, C_Order_ID)</KDB_PrioritySQL>
        <WhereClause>IsSoTrx='Y' AND IsPrinted='N' AND DocStatus NOT IN ('CO','CL','VO') AND DatePromised = to_date('@#Date@', 'yyyy-mm-dd')</WhereClause>
        <KDB_ColumnList_ID reference="id"/>
        <CreateStatuses>N</CreateStatuses>
        <KDB_ColumnTable_ID reference="uuid" reference-key="AD_Column">aa1f78f1-c461-4c4c-9bf1-58a78e2cbeb4</KDB_ColumnTable_ID>
        <KDB_BackgroundColor_ID reference="id"/>
        <KDB_KanbanCard>@C_BPartner.Name@ @totallines@</KDB_KanbanCard>
        <OrderByClause/>
        <KDB_SummarySQL>@SQL=SELECT SUM(p.weight) || ' Vlm' AS TotalWeight, SUM(CASE WHEN u.x12de355='Faß' THEN l.QtyEntered ELSE 0 END) || ' Barrels' AS TotalBarrels, SUM(CASE WHEN u.x12de355='Ka' THEN l.QtyEntered ELSE 0 END) || ' Cases' AS TotalCases FROM  C_Order JOIN C_OrderLine l ON (C_Order.C_Order_ID=l.C_Order_ID) JOIN M_Product p ON l.M_Product_ID = p.M_Product_ID JOIN M_Product_Category pc ON pc.M_Product_Category_ID = p.M_Product_Category_ID JOIN C_UOM u ON (u.C_UOM_ID = l.C_UOM_ID) WHERE C_Order.BAY_Route_ID = @KanbanStatus@ AND IsPrinted='N' AND IsSoTrx='Y' AND IsPrinted='N' AND DocStatus NOT IN ('CO','CL','VO') AND C_Order.DatePromised =  CURRENT_DATE</KDB_SummarySQL>
        <KDB_StdColumnWidth/>
        <KDB_StdCardHeight/>
        <IsHtml>N</IsHtml>
        <KDB_SummaryMsg/>
        <KDB_KanbanBoard_Trl type="translation">
            <Description/>
            <Name>Today Route Planner 1</Name>
            <KDB_KanbanCard>@C_BPartner.Name@ @totallines@</KDB_KanbanCard>
            <KDB_SummaryMsg/>
            <AD_Language>de_DE</AD_Language>
            <IsActive>Y</IsActive>
            <IsTranslated>N</IsTranslated>
        </KDB_KanbanBoard_Trl>
        <KDB_KanbanStatus type="table">
            <AD_Client_ID reference="uuid" reference-key="AD_Client">d8933407-4a3a-4c1a-bd58-0f2ebdcbf436</AD_Client_ID>
            <AD_Org_ID reference="uuid" reference-key="AD_Org">ced4198e-3366-46a8-9e10-3ffa2c0b5344</AD_Org_ID>
            <Description/>
            <Help/>
            <IsActive>Y</IsActive>
            <KDB_KanbanStatus_UU>50dea5e1-fa01-4289-b051-7a06303211ba</KDB_KanbanStatus_UU>
            <Name>Route 1</Name>
            <SeqNo>10</SeqNo>
            <StatusAlias/>
            <SQLStatement/>
            <MaxNumberCards/>
            <IsShowOver>N</IsShowOver>
            <KDB_StatusTableID>1000000</KDB_StatusTableID>
            <KDB_StatusListValue/>
            <KDB_KanbanBoard_ID reference="uuid" reference-key="KDB_KanbanBoard">0dadd070-55ae-4c8e-95bb-b9416ef3c66a</KDB_KanbanBoard_ID>
        </KDB_KanbanStatus>
        <KDB_KanbanStatus type="table">
            <AD_Client_ID reference="uuid" reference-key="AD_Client">d8933407-4a3a-4c1a-bd58-0f2ebdcbf436</AD_Client_ID>
            <AD_Org_ID reference="uuid" reference-key="AD_Org">ced4198e-3366-46a8-9e10-3ffa2c0b5344</AD_Org_ID>
            <Description/>
            <Help/>
            <IsActive>Y</IsActive>
            <KDB_KanbanStatus_UU>9e90d661-5c70-4bee-bb7c-26575b7a886d</KDB_KanbanStatus_UU>
            <Name>Route 2</Name>
            <SeqNo>20</SeqNo>
            <StatusAlias/>
            <SQLStatement/>
            <MaxNumberCards/>
            <IsShowOver>N</IsShowOver>
            <KDB_StatusTableID>1000001</KDB_StatusTableID>
            <KDB_StatusListValue/>
            <KDB_KanbanBoard_ID reference="uuid" reference-key="KDB_KanbanBoard">0dadd070-55ae-4c8e-95bb-b9416ef3c66a</KDB_KanbanBoard_ID>
        </KDB_KanbanStatus>
        <KDB_KanbanStatus type="table">
            <AD_Client_ID reference="uuid" reference-key="AD_Client">d8933407-4a3a-4c1a-bd58-0f2ebdcbf436</AD_Client_ID>
            <AD_Org_ID reference="uuid" reference-key="AD_Org">ced4198e-3366-46a8-9e10-3ffa2c0b5344</AD_Org_ID>
            <Description/>
            <Help/>
            <IsActive>Y</IsActive>
            <KDB_KanbanStatus_UU>f971c357-7334-4e16-82a5-cd548c5b4447</KDB_KanbanStatus_UU>
            <Name>Route 3</Name>
            <SeqNo>30</SeqNo>
            <StatusAlias/>
            <SQLStatement/>
            <MaxNumberCards/>
            <IsShowOver>N</IsShowOver>
            <KDB_StatusTableID>1000002</KDB_StatusTableID>
            <KDB_StatusListValue/>
            <KDB_KanbanBoard_ID reference="uuid" reference-key="KDB_KanbanBoard">0dadd070-55ae-4c8e-95bb-b9416ef3c66a</KDB_KanbanBoard_ID>
        </KDB_KanbanStatus>
        <KDB_KanbanControlAccess type="table">
            <AD_Org_ID>0</AD_Org_ID>
            <AD_Role_ID reference="uuid" reference-key="AD_Role">1410cf6f-b125-43cc-b2ce-6c3f01fe2da4</AD_Role_ID>
            <KDB_KanbanControlAccess_UU>67e1c18d-6368-41fd-9f98-8006376ff0b8</KDB_KanbanControlAccess_UU>
            <IsActive>Y</IsActive>
            <IsReadWrite>Y</IsReadWrite>
            <KDB_KanbanBoard_ID reference="uuid" reference-key="KDB_KanbanBoard">0dadd070-55ae-4c8e-95bb-b9416ef3c66a</KDB_KanbanBoard_ID>
        </KDB_KanbanControlAccess>
        <KDB_KanbanBoard_Trl type="table">
            <AD_Org_ID>0</AD_Org_ID>
            <Description/>
            <IsActive>Y</IsActive>
            <KDB_KanbanBoard_Trl_UU>4929c5e7-265c-426e-bd63-ee9b9a6a9dbe</KDB_KanbanBoard_Trl_UU>
            <Name>Today Route Planner 1</Name>
            <KDB_KanbanBoard_ID reference="uuid" reference-key="KDB_KanbanBoard">0dadd070-55ae-4c8e-95bb-b9416ef3c66a</KDB_KanbanBoard_ID>
            <AD_Language>de_DE</AD_Language>
            <IsTranslated>N</IsTranslated>
            <KDB_KanbanCard>@C_BPartner.Name@ @totallines@</KDB_KanbanCard>
            <KDB_SummaryMsg/>
        </KDB_KanbanBoard_Trl>
        <KDB_KanbanPriority type="table">
            <AD_Org_ID>0</AD_Org_ID>
            <IsActive>Y</IsActive>
            <KDB_KanbanPriority_UU>6b5dcc94-1b1a-40d7-b028-4b875c38a513</KDB_KanbanPriority_UU>
            <KDB_KanbanBoard_ID reference="uuid" reference-key="KDB_KanbanBoard">0dadd070-55ae-4c8e-95bb-b9416ef3c66a</KDB_KanbanBoard_ID>
            <MinValue>-7</MinValue>
            <MaxValue>-1</MaxValue>
            <KDB_PriorityColor_ID reference="id">102</KDB_PriorityColor_ID>
            <KDB_PriorityTextColor_ID reference="id"/>
        </KDB_KanbanPriority>
        <KDB_KanbanPriority type="table">
            <AD_Org_ID>0</AD_Org_ID>
            <IsActive>Y</IsActive>
            <KDB_KanbanPriority_UU>f8d326a3-531e-48c1-af8a-dc5380585fcd</KDB_KanbanPriority_UU>
            <KDB_KanbanBoard_ID reference="uuid" reference-key="KDB_KanbanBoard">0dadd070-55ae-4c8e-95bb-b9416ef3c66a</KDB_KanbanBoard_ID>
            <MinValue>1</MinValue>
            <MaxValue>10</MaxValue>
            <KDB_PriorityColor_ID reference="id">109</KDB_PriorityColor_ID>
            <KDB_PriorityTextColor_ID reference="id"/>
        </KDB_KanbanPriority>
    </KDB_KanbanBoard>
</idempiere>
