<?xml version="1.0" encoding="UTF-8"?><idempiere Name="Route planner data" Version="1.0.0" idempiereVersion="" DataBaseVersion="" Description="" Author="" AuthorEmail="druiz@bayen.de" CreatedDate="2017-11-17 15:21:58.321" UpdatedDate="2017-11-17 15:21:58.321" PackOutVersion="100" UpdateDictionary="false" Client="1000000-Bayen-Bayen" AD_Client_UU="d8933407-4a3a-4c1a-bd58-0f2ebdcbf436">
    <AD_Scheduler type="table">
        <AD_Org_ID>0</AD_Org_ID>
        <Supervisor_ID reference="uuid" reference-key="AD_User">4411381f-6a5f-41ec-92e8-485dcc167dac</Supervisor_ID>
        <IsActive>Y</IsActive>
        <Processing>N</Processing>
        <AD_Process_ID reference="uuid" reference-key="AD_Process">990736f6-e51d-4718-9915-e7ecad3e75ee</AD_Process_ID>
        <DateNextRun>2017-12-07 06:00:00.0</DateNextRun>
        <Description/>
        <Name>Copy Delivery</Name>
        <KeepLogDays>30</KeepLogDays>
        <DateLastRun>2017-12-06 12:49:38.558</DateLastRun>
        <AD_Table_ID reference="id"/>
        <Record_ID reference="id"/>
        <AD_Scheduler_UU>ac29a281-6e10-4b26-b750-fb285b98dbef</AD_Scheduler_UU>
        <AD_Schedule_ID reference="uuid" reference-key="AD_Schedule">b680b1f6-4c13-4185-83ed-2c17a923c426</AD_Schedule_ID>
        <R_MailText_ID reference="id"/>
    </AD_Scheduler>
    <S_ResourceType type="table">
        <AD_Org_ID>0</AD_Org_ID>
        <IsActive>Y</IsActive>
        <Value>Fahrer</Value>
        <Name>Fahrer</Name>
        <Description/>
        <C_UOM_ID reference="id">100</C_UOM_ID>
        <AllowUoMFractions>N</AllowUoMFractions>
        <OnTuesday>Y</OnTuesday>
        <OnSunday>N</OnSunday>
        <OnSaturday>N</OnSaturday>
        <IsTimeSlot>N</IsTimeSlot>
        <TimeSlotEnd/>
        <OnFriday>Y</OnFriday>
        <IsSingleAssignment>N</IsSingleAssignment>
        <OnThursday>Y</OnThursday>
        <OnWednesday>Y</OnWednesday>
        <TimeSlotStart/>
        <OnMonday>Y</OnMonday>
        <IsDateSlot>N</IsDateSlot>
        <M_Product_Category_ID reference="uuid" reference-key="M_Product_Category">f1e732d8-0392-4179-874d-8fdcf30393ef</M_Product_Category_ID>
        <C_TaxCategory_ID reference="uuid" reference-key="C_TaxCategory">457cc7d2-1f66-4ec2-bd24-ea79aaa2445b</C_TaxCategory_ID>
        <ChargeableQty>0</ChargeableQty>
        <S_ResourceType_UU>2f723d07-cbc8-4a56-a464-f8fa20c48383</S_ResourceType_UU>
    </S_ResourceType>
    <S_ResourceType type="table">
        <AD_Org_ID>0</AD_Org_ID>
        <IsActive>Y</IsActive>
        <Value>LKW</Value>
        <Name>LKW</Name>
        <Description/>
        <C_UOM_ID reference="id">100</C_UOM_ID>
        <AllowUoMFractions>N</AllowUoMFractions>
        <OnTuesday>Y</OnTuesday>
        <OnSunday>N</OnSunday>
        <OnSaturday>N</OnSaturday>
        <IsTimeSlot>N</IsTimeSlot>
        <TimeSlotEnd/>
        <OnFriday>Y</OnFriday>
        <IsSingleAssignment>N</IsSingleAssignment>
        <OnThursday>Y</OnThursday>
        <OnWednesday>Y</OnWednesday>
        <TimeSlotStart/>
        <OnMonday>Y</OnMonday>
        <IsDateSlot>N</IsDateSlot>
        <M_Product_Category_ID reference="uuid" reference-key="M_Product_Category">f1e732d8-0392-4179-874d-8fdcf30393ef</M_Product_Category_ID>
        <C_TaxCategory_ID reference="uuid" reference-key="C_TaxCategory">457cc7d2-1f66-4ec2-bd24-ea79aaa2445b</C_TaxCategory_ID>
        <ChargeableQty>0</ChargeableQty>
        <S_ResourceType_UU>a1704128-d418-4eae-8c6f-e160c2233050</S_ResourceType_UU>
    </S_ResourceType>
    <BAY_Route type="table">
        <AD_Org_ID>0</AD_Org_ID>
        <Description/>
        <Help/>
        <IsActive>Y</IsActive>
        <BAY_Route_UU>d879fef3-197b-4fe9-bac4-db9cd3a705c2</BAY_Route_UU>
        <Name>Nicht verfügbar</Name>
        <Value>0000</Value>
        <BAY_isExtraordinary>N</BAY_isExtraordinary>
        <BAY_MasterRoute_ID reference="id"/>
    </BAY_Route>
    <BAY_Route type="table">
        <AD_Org_ID>0</AD_Org_ID>
        <Description/>
        <Help/>
        <IsActive>Y</IsActive>
        <BAY_Route_UU>de7e2d3f-261b-46ca-befa-98f15909810c</BAY_Route_UU>
        <Name>Verfügbar</Name>
        <Value>0001</Value>
        <BAY_isExtraordinary>N</BAY_isExtraordinary>
        <BAY_MasterRoute_ID reference="id"/>
    </BAY_Route>
</idempiere>
